<Index dataContractVersion="201501" xmlns="http://www.sdltridion.com/ContentManager/ImportExport/Package/2013">
  <Item id="tcm:0-0-0" selected="false" exported="true">
    <ApplicationIds>
      <ApplicationId>http://www.sdl.com/tridion/SemanticMapping/vocabularies</ApplicationId>
    </ApplicationIds>
    <Item id="tcm:0-24-1" title="000%20Empty" itemType="Publication" selected="false" exported="true">
      <Item id="tcm:24-286-2" title="Building%20Blocks" itemType="Folder" blueprintStatus="LocalItem" selected="true" exported="true">
        <Item id="714b2aaa340640ff8cf0495162407c31" title="Default%20Templates" itemType="Folder" selected="false" exported="false">
          <Item id="8e1f5ca4455d422d811ece8944fe18fa" title="Default%20Component%20Template" extension="tctcmp" itemType="ComponentTemplate" selected="false" exported="false" />
          <Item id="494c5470109d453e95d4b4a136f86cfa" title="Default%20Dreamweaver%20Page%20Design" extension="dwt" itemType="TemplateBuildingBlock" selected="false" exported="false" />
          <Item id="15047131efa045e7ae31a00700e77a59" title="Default%20Page%20Template" extension="tptcmp" itemType="PageTemplate" selected="false" exported="false" />
        </Item>
        <Item id="c4cc8f97962c480bbe2f9eafd98f34cf" title="Default%20Multimedia%20Schema" extension="xsd" itemType="Schema" selected="false" exported="false" />
      </Item>
      <Item id="abfa6561acb7429b85f9f550bc3fb195" title="Task%20Process" extension="tpd" itemType="ProcessDefinition" selected="false" exported="false" />
    </Item>
    <Item id="tcm:0-25-1" title="100%20Master" itemType="Publication" selected="true" exported="true">
      <Item id="tcm:25-286-2" title="Building%20Blocks" itemType="Folder" blueprintStatus="SharedItem" selected="true" exported="true">
        <Item id="9618143c181345d0abd6de090f670ddb" title="Default%20Templates" itemType="Folder" selected="false" exported="false">
          <Item id="c788e0f1dc8944f0b8189661e33c2ad2" title="Default%20Component%20Template" extension="tctcmp" itemType="ComponentTemplate" selected="false" exported="false" />
          <Item id="b67623757c6e40938f121195146e50b5" title="Default%20Dreamweaver%20Page%20Design" extension="dwt" itemType="TemplateBuildingBlock" selected="false" exported="false" />
          <Item id="1c1022db953648669f177dc14c0861d8" title="Default%20Page%20Template" extension="tptcmp" itemType="PageTemplate" selected="false" exported="false" />
        </Item>
        <Item id="530d20f3e8504ba38d4b76423fd1e1c8" title="Framework" itemType="Folder" selected="false" exported="false">
          <Item id="4db281d2934c4c22a2a378cb8887aee0" title="Site%20Manager" itemType="Folder" selected="false" exported="false">
            <Item id="1b7058fd5f6449afb28ca92a00f56032" title="Schemas" itemType="Folder" selected="false" exported="false">
              <Item id="300f30eb399a4804af0caf2178301b80" title="Publication%20Metadata" extension="xsd" itemType="Schema" selected="false" exported="false" />
            </Item>
          </Item>
        </Item>
        <Item id="tcm:25-290-2" title="Modules" itemType="Folder" blueprintStatus="LocalItem" selected="true" exported="true">
          <Item id="tcm:25-368-2" title="CampaignContent" itemType="Folder" blueprintStatus="LocalItem" selected="true" exported="true">
            <Item id="tcm:25-369-2" title="Editor" itemType="Folder" blueprintStatus="LocalItem" selected="true" exported="true">
              <Item id="tcm:25-371-2" title="Schemas" itemType="Folder" blueprintStatus="LocalItem" selected="true" exported="true">
                <Item id="tcm:25-372-2" title="Embedded" itemType="Folder" blueprintStatus="LocalItem" selected="true" exported="true">
                  <Item id="tcm:25-1521-8" title="Campaign%20Content%20-%20Tagged%20Content" extension="xsd" itemType="Schema" subtype="2" blueprintStatus="LocalItem" selected="true" exported="true" />
                  <Item id="tcm:25-1532-8" title="Campaign%20Content%20-%20Tagged%20Image" extension="xsd" itemType="Schema" subtype="2" blueprintStatus="LocalItem" selected="true" exported="true" />
                  <Item id="tcm:25-1544-8" title="Campaign%20Content%20-%20Tagged%20Link" extension="xsd" itemType="Schema" subtype="2" blueprintStatus="LocalItem" selected="true" exported="true" />
                  <Item id="tcm:25-1531-8" title="Campaign%20Content%20-%20Tagged%20Property" extension="xsd" itemType="Schema" subtype="2" blueprintStatus="LocalItem" selected="true" exported="true" />
                </Item>
                <Item id="tcm:25-1522-8" title="Campaign%20Content%20ZIP" extension="xsd" itemType="Schema" subtype="1" blueprintStatus="LocalItem" selected="true" exported="true" />
              </Item>
            </Item>
          </Item>
          <Item id="c1e42221abbb46368cfce7aa8c835fea" title="Core" itemType="Folder" selected="false" exported="false">
            <Item id="63c41dd278984ee7ab2b35dc46c0c5c4" title="Editor" itemType="Folder" selected="false" exported="false">
              <Item id="edce46bc2cbc4b59aa3b1f577bd3efc5" title="Schemas" itemType="Folder" selected="false" exported="false">
                <Item id="5064ae67df7f4af4a212711ccca363d0" title="Image" extension="xsd" itemType="Schema" selected="false" exported="false" />
              </Item>
            </Item>
          </Item>
        </Item>
        <Item id="98ed64494c924006bcf9961af8677677" title="Default%20Multimedia%20Schema" extension="xsd" itemType="Schema" selected="false" exported="false" />
      </Item>
      <Item id="c6ec53e38f3d4907b8ce8a8fe95297de" title="Task%20Process" extension="tpd" itemType="ProcessDefinition" selected="false" exported="false" />
    </Item>
    <Item id="tcm:0-23-65544" title="Zip%20file" extension="tmt" itemType="MultimediaType" selected="false" exported="true" />
  </Item>
</Index>