<PackageItem xmlns:tcm="http://www.tridion.com/ContentManager/5.0" xmlns:xlink="http://www.w3.org/1999/xlink" xmlns:xsd="http://www.w3.org/2001/XMLSchema" xmlns="http://www.sdltridion.com/ContentManager/ImportExport/Package/2013">
  <Data>
    <tcm:Data xmlns:xlink="http://www.w3.org/1999/xlink" xmlns:i="http://www.w3.org/2001/XMLSchema-instance">
      <tcm:Title>Campaign Content ZIP</tcm:Title>
      <tcm:Description>Campaign Content ZIP</tcm:Description>
      <tcm:Purpose>Multimedia</tcm:Purpose>
      <tcm:NamespaceURI>http://www.sdl.com/web/schemas/html-design</tcm:NamespaceURI>
      <tcm:RootElementName />
      <tcm:IsTridionWebSchema>true</tcm:IsTridionWebSchema>
      <tcm:XSD>
        <xsd:schema xmlns:xsd="http://www.w3.org/2001/XMLSchema" xmlns="http://www.sdl.com/web/schemas/html-design" xmlns:tcmi="http://www.tridion.com/ContentManager/5.0/Instance" elementFormDefault="qualified" targetNamespace="http://www.sdl.com/web/schemas/html-design">
  <xsd:import namespace="http://www.tridion.com/ContentManager/5.0/Instance" schemaLocation="/webdav/cm_xml_inst.xsd" />
  <xsd:include schemaLocation="/webdav/100%20Master/Building%20Blocks/Modules/CampaignContent/Editor/Schemas/Embedded/Campaign%20Content%20-%20Tagged%20Link.xsd" />
  <xsd:include schemaLocation="/webdav/100%20Master/Building%20Blocks/Modules/CampaignContent/Editor/Schemas/Embedded/Campaign%20Content%20-%20Tagged%20Property.xsd" />
  <xsd:include schemaLocation="/webdav/100%20Master/Building%20Blocks/Modules/CampaignContent/Editor/Schemas/Embedded/Campaign%20Content%20-%20Tagged%20Image.xsd" />
  <xsd:include schemaLocation="/webdav/100%20Master/Building%20Blocks/Modules/CampaignContent/Editor/Schemas/Embedded/Campaign%20Content%20-%20Tagged%20Content.xsd" />
  <xsd:annotation>
    <xsd:appinfo>
      <tcm:Labels xmlns:tcm="http://www.tridion.com/ContentManager/5.0">
        <tcm:Label ElementName="taggedContent" Metadata="true">Tagged Content</tcm:Label>
        <tcm:Label ElementName="taggedImages" Metadata="true">Tagged Images</tcm:Label>
        <tcm:Label ElementName="taggedProperties" Metadata="true">Tagged Properties</tcm:Label>
        <tcm:Label ElementName="taggedLinks" Metadata="true">Tagged Links</tcm:Label>
      </tcm:Labels>
    </xsd:appinfo>
  </xsd:annotation>
  <xsd:element name="Metadata">
    <xsd:complexType>
      <xsd:sequence>
        <xsd:element name="taggedContent" minOccurs="0" maxOccurs="unbounded" type="TaggedContent">
          <xsd:annotation>
            <xsd:appinfo>
              <ExtensionXml xmlns="http://www.tridion.com/ContentManager/5.0" />
              <tcm:EmbeddedSchema xmlns:tcm="http://www.tridion.com/ContentManager/5.0" xmlns:xlink="http://www.w3.org/1999/xlink" xlink:href="/webdav/100%20Master/Building%20Blocks/Modules/CampaignContent/Editor/Schemas/Embedded/Campaign%20Content%20-%20Tagged%20Content.xsd" xlink:title="Campaign Content - Tagged Content" />
            </xsd:appinfo>
          </xsd:annotation>
        </xsd:element>
        <xsd:element name="taggedImages" minOccurs="0" maxOccurs="unbounded" type="TaggedImage">
          <xsd:annotation>
            <xsd:appinfo>
              <ExtensionXml xmlns="http://www.tridion.com/ContentManager/5.0" />
              <tcm:EmbeddedSchema xmlns:tcm="http://www.tridion.com/ContentManager/5.0" xmlns:xlink="http://www.w3.org/1999/xlink" xlink:href="/webdav/100%20Master/Building%20Blocks/Modules/CampaignContent/Editor/Schemas/Embedded/Campaign%20Content%20-%20Tagged%20Image.xsd" xlink:title="Campaign Content - Tagged Image" />
            </xsd:appinfo>
          </xsd:annotation>
        </xsd:element>
        <xsd:element name="taggedProperties" minOccurs="0" maxOccurs="unbounded" type="TaggedProperty">
          <xsd:annotation>
            <xsd:appinfo>
              <ExtensionXml xmlns="http://www.tridion.com/ContentManager/5.0" />
              <tcm:EmbeddedSchema xmlns:tcm="http://www.tridion.com/ContentManager/5.0" xmlns:xlink="http://www.w3.org/1999/xlink" xlink:href="/webdav/100%20Master/Building%20Blocks/Modules/CampaignContent/Editor/Schemas/Embedded/Campaign%20Content%20-%20Tagged%20Property.xsd" xlink:title="Campaign Content - Tagged Property" />
            </xsd:appinfo>
          </xsd:annotation>
        </xsd:element>
        <xsd:element name="taggedLinks" minOccurs="0" maxOccurs="unbounded" type="TaggedLink">
          <xsd:annotation>
            <xsd:appinfo>
              <ExtensionXml xmlns="http://www.tridion.com/ContentManager/5.0" />
              <tcm:EmbeddedSchema xmlns:tcm="http://www.tridion.com/ContentManager/5.0" xmlns:xlink="http://www.w3.org/1999/xlink" xlink:href="/webdav/100%20Master/Building%20Blocks/Modules/CampaignContent/Editor/Schemas/Embedded/Campaign%20Content%20-%20Tagged%20Link.xsd" xlink:title="Campaign Content - Tagged Link" />
            </xsd:appinfo>
          </xsd:annotation>
        </xsd:element>
      </xsd:sequence>
    </xsd:complexType>
  </xsd:element>
</xsd:schema>
      </tcm:XSD>
      <tcm:AllowedMultimediaTypes>
        <tcm:AllowedMultimediaType xlink:type="simple" xlink:title="Zip file" xlink:href="tcm:0-23-65544" />
      </tcm:AllowedMultimediaTypes>
      <tcm:ComponentProcess xlink:type="simple" xlink:title="" xlink:href="tcm:0-0-0" />
      <tcm:BundleProcess xlink:type="simple" xlink:title="" xlink:href="tcm:0-0-0" />
      <tcm:DeleteBundleOnProcessFinished>false</tcm:DeleteBundleOnProcessFinished>
    </tcm:Data>
  </Data>
  <Dependencies>
    <Dependency dependencyType="Publication" itemUrl="/webdav/100%20Master" linkName="LocationInfo/ContextRepository" />
    <Dependency dependencyType="OrganizationalItemFolder" itemUrl="/webdav/100%20Master/Building%20Blocks/Modules/CampaignContent/Editor/Schemas" linkName="LocationInfo/OrganizationalItem" />
    <Dependency dependencyType="AllowedMultimediaType" itemUrl="/webdav//Zip%20file.tmt" linkName="AllowedMultimediaTypes[0]" />
    <Dependency dependencyType="EmbeddedSchema" itemUrl="/webdav/100%20Master/Building%20Blocks/Modules/CampaignContent/Editor/Schemas/Embedded/Campaign%20Content%20-%20Tagged%20Link.xsd" linkName="Xsd" xpath="xsd:schema[1]/xsd:include[1]/@schemaLocation" />
    <Dependency dependencyType="EmbeddedSchema" itemUrl="/webdav/100%20Master/Building%20Blocks/Modules/CampaignContent/Editor/Schemas/Embedded/Campaign%20Content%20-%20Tagged%20Property.xsd" linkName="Xsd" xpath="xsd:schema[1]/xsd:include[2]/@schemaLocation" />
    <Dependency dependencyType="EmbeddedSchema" itemUrl="/webdav/100%20Master/Building%20Blocks/Modules/CampaignContent/Editor/Schemas/Embedded/Campaign%20Content%20-%20Tagged%20Image.xsd" linkName="Xsd" xpath="xsd:schema[1]/xsd:include[3]/@schemaLocation" />
    <Dependency dependencyType="EmbeddedSchema" itemUrl="/webdav/100%20Master/Building%20Blocks/Modules/CampaignContent/Editor/Schemas/Embedded/Campaign%20Content%20-%20Tagged%20Content.xsd" linkName="Xsd" xpath="xsd:schema[1]/xsd:include[4]/@schemaLocation" />
    <Dependency dependencyType="EmbeddedSchema" itemUrl="/webdav/100%20Master/Building%20Blocks/Modules/CampaignContent/Editor/Schemas/Embedded/Campaign%20Content%20-%20Tagged%20Content.xsd" linkName="Xsd" xpath="xsd:schema[1]/xsd:element[1]/xsd:complexType[1]/xsd:sequence[1]/xsd:element[1]/xsd:annotation[1]/xsd:appinfo[1]/tcm:EmbeddedSchema[1]/@xlink:href" />
    <Dependency dependencyType="EmbeddedSchema" itemUrl="/webdav/100%20Master/Building%20Blocks/Modules/CampaignContent/Editor/Schemas/Embedded/Campaign%20Content%20-%20Tagged%20Image.xsd" linkName="Xsd" xpath="xsd:schema[1]/xsd:element[1]/xsd:complexType[1]/xsd:sequence[1]/xsd:element[2]/xsd:annotation[1]/xsd:appinfo[1]/tcm:EmbeddedSchema[1]/@xlink:href" />
    <Dependency dependencyType="EmbeddedSchema" itemUrl="/webdav/100%20Master/Building%20Blocks/Modules/CampaignContent/Editor/Schemas/Embedded/Campaign%20Content%20-%20Tagged%20Property.xsd" linkName="Xsd" xpath="xsd:schema[1]/xsd:element[1]/xsd:complexType[1]/xsd:sequence[1]/xsd:element[3]/xsd:annotation[1]/xsd:appinfo[1]/tcm:EmbeddedSchema[1]/@xlink:href" />
    <Dependency dependencyType="EmbeddedSchema" itemUrl="/webdav/100%20Master/Building%20Blocks/Modules/CampaignContent/Editor/Schemas/Embedded/Campaign%20Content%20-%20Tagged%20Link.xsd" linkName="Xsd" xpath="xsd:schema[1]/xsd:element[1]/xsd:complexType[1]/xsd:sequence[1]/xsd:element[4]/xsd:annotation[1]/xsd:appinfo[1]/tcm:EmbeddedSchema[1]/@xlink:href" />
  </Dependencies>
</PackageItem>