<Index dataContractVersion="201501" xmlns="http://www.sdltridion.com/ContentManager/ImportExport/Package/2013">
  <Item id="tcm:0-0-0" selected="false" exported="true">
    <ApplicationIds>
      <ApplicationId>http://www.sdl.com/tridion/SemanticMapping/vocabularies</ApplicationId>
    </ApplicationIds>
    <Item id="tcm:0-34-1" title="000%20Empty" itemType="Publication" selected="false" exported="true">
      <Item id="tcm:34-461-2" title="Building%20Blocks" itemType="Folder" blueprintStatus="LocalItem" selected="true" exported="true">
        <Item id="eb1f68f12b3d4df38663fbe070b45d5d" title="Default%20Templates" itemType="Folder" selected="false" exported="false">
          <Item id="3e8dcc89cbe942ab9ae635d6c77400a0" title="Default%20Component%20Template" extension="tctcmp" itemType="ComponentTemplate" selected="false" exported="false" />
          <Item id="1cbab5e5df5340e1bceb55f761b3b5af" title="Default%20Dreamweaver%20Page%20Design" extension="dwt" itemType="TemplateBuildingBlock" selected="false" exported="false" />
          <Item id="c6f6966071e848cdaef1515c7058959b" title="Default%20Page%20Template" extension="tptcmp" itemType="PageTemplate" selected="false" exported="false" />
        </Item>
        <Item id="0d7caaa1df084c38bd1e1355892464d3" title="Default%20Multimedia%20Schema" extension="xsd" itemType="Schema" selected="false" exported="false" />
      </Item>
      <Item id="653c1718868249188eddb208cf07227c" title="Task%20Process" extension="tpd" itemType="ProcessDefinition" selected="false" exported="false" />
    </Item>
    <Item id="tcm:0-35-1" title="100%20Master" itemType="Publication" selected="true" exported="true">
      <Item id="tcm:35-461-2" title="Building%20Blocks" itemType="Folder" blueprintStatus="SharedItem" selected="true" exported="true">
        <Item id="7f838bc419584e569fc66585728e7726" title="Default%20Templates" itemType="Folder" selected="false" exported="false">
          <Item id="eb5247ada7c947639b9c424f9278febd" title="Default%20Component%20Template" extension="tctcmp" itemType="ComponentTemplate" selected="false" exported="false" />
          <Item id="824362b1944d4fd6837f22069dcf00e7" title="Default%20Dreamweaver%20Page%20Design" extension="dwt" itemType="TemplateBuildingBlock" selected="false" exported="false" />
          <Item id="ebd6ed2df4aa45959529d66059d4b6bd" title="Default%20Page%20Template" extension="tptcmp" itemType="PageTemplate" selected="false" exported="false" />
        </Item>
        <Item id="1f5da8e6ce96453f8f3396cf3ebe7199" title="Framework" itemType="Folder" selected="false" exported="false">
          <Item id="4ad8fdc3262f49d3a52d272fcfc4e222" title="Developer" itemType="Folder" selected="false" exported="false">
            <Item id="cf1a62117084409fb30b8141f1f62f6c" title="Schemas" itemType="Folder" selected="false" exported="false">
              <Item id="a97f410d35754237ba6df4df3dbc12fc" title="Component%20Template%20Metadata" extension="xsd" itemType="Schema" selected="false" exported="false" />
              <Item id="22c7850ede0545aaa5d4ed0339772f1d" title="Page%20Template%20Metadata" extension="xsd" itemType="Schema" selected="false" exported="false" />
            </Item>
            <Item id="8f224860dddb46a6bfb17e225d561813" title="Templates" itemType="Folder" selected="false" exported="false">
              <Item id="25ab56ab9ee6427caef75dff13a06d6f" title="DXA%2ER2" itemType="Folder" selected="false" exported="false">
                <Item id="16bc9082673c404b9af42a482a2102a9" title="Default%20Component%20Template%20Finish%20Actions" extension="tbbcmp" itemType="TemplateBuildingBlock" selected="false" exported="false" />
                <Item id="10ab0caf1df746b7ad67364b2ec90b22" title="Default%20Page%20Template%20Finish%20Actions" extension="tbbcmp" itemType="TemplateBuildingBlock" selected="false" exported="false" />
                <Item id="31ce5e0edc6047aaad90ab32b99f489b" title="Render%20Component%20Content" extension="tbbcmp" itemType="TemplateBuildingBlock" selected="false" exported="false" />
                <Item id="aee9c8ca431443e7b9a49b078fff8f7f" title="Render%20Page%20Content" extension="tbbcmp" itemType="TemplateBuildingBlock" selected="false" exported="false" />
              </Item>
            </Item>
          </Item>
          <Item id="6e92515e8b584fca9ca512cd90033b18" title="Site%20Manager" itemType="Folder" selected="false" exported="false">
            <Item id="33450750bac3410092cf5fabc4fad4c2" title="Schemas" itemType="Folder" selected="false" exported="false">
              <Item id="c2388905632c42f0bcec0b7a6f3cc1a1" title="Publication%20Metadata" extension="xsd" itemType="Schema" selected="false" exported="false" />
            </Item>
          </Item>
        </Item>
        <Item id="tcm:35-471-2" title="Modules" itemType="Folder" blueprintStatus="LocalItem" selected="true" exported="true">
          <Item id="tcm:35-527-2" title="CampaignContent" itemType="Folder" blueprintStatus="LocalItem" selected="true" exported="true">
            <Item id="tcm:35-528-2" title="Editor" itemType="Folder" blueprintStatus="LocalItem" selected="true" exported="true">
              <Item id="tcm:35-529-2" title="Schemas" itemType="Folder" blueprintStatus="LocalItem" selected="true" exported="true">
                <Item id="tcm:35-530-2" title="Embedded" itemType="Folder" blueprintStatus="LocalItem" selected="true" exported="true">
                  <Item id="tcm:35-2197-8" title="Campaign%20Content%20-%20Tagged%20Content" extension="xsd" itemType="Schema" subtype="2" blueprintStatus="LocalItem" selected="true" exported="true" />
                  <Item id="tcm:35-2198-8" title="Campaign%20Content%20-%20Tagged%20Image" extension="xsd" itemType="Schema" subtype="2" blueprintStatus="LocalItem" selected="true" exported="true" />
                  <Item id="tcm:35-2196-8" title="Campaign%20Content%20-%20Tagged%20Link" extension="xsd" itemType="Schema" subtype="2" blueprintStatus="LocalItem" selected="true" exported="true" />
                  <Item id="tcm:35-2195-8" title="Campaign%20Content%20-%20Tagged%20Property" extension="xsd" itemType="Schema" subtype="2" blueprintStatus="LocalItem" selected="true" exported="true" />
                </Item>
                <Item id="tcm:35-2199-8" title="Campaign%20Content%20ZIP" extension="xsd" itemType="Schema" subtype="1" blueprintStatus="LocalItem" selected="true" exported="true" />
              </Item>
              <Item id="tcm:35-531-2" title="Templates" itemType="Folder" blueprintStatus="LocalItem" selected="true" exported="true">
                <Item id="tcm:35-2200-32" title="Campaign%20Content%20ZIP%20Template" extension="tctcmp" itemType="ComponentTemplate" blueprintStatus="LocalItem" selected="true" exported="true" />
                <Item id="tcm:35-2201-128" title="Campaign%20Page" extension="tptcmp" itemType="PageTemplate" blueprintStatus="LocalItem" selected="true" exported="true" />
              </Item>
            </Item>
          </Item>
          <Item id="d8dc7833990f485fac94c438ce74c11f" title="Core" itemType="Folder" selected="false" exported="false">
            <Item id="0a7c28cb81094809af136a1d38749b22" title="Editor" itemType="Folder" selected="false" exported="false">
              <Item id="d40c455fdb4d49698d68871cb9d88a65" title="Schemas" itemType="Folder" selected="false" exported="false">
                <Item id="818ebb2c57f742d1bd8d5834439bb93c" title="Image" extension="xsd" itemType="Schema" selected="false" exported="false" />
              </Item>
            </Item>
          </Item>
        </Item>
        <Item id="c3245a2b99ae4c06aa66e5bd4b535b70" title="Default%20Multimedia%20Schema" extension="xsd" itemType="Schema" selected="false" exported="false" />
      </Item>
      <Item id="b2381395503e4b9da6b3fa7812ea873a" title="Task%20Process" extension="tpd" itemType="ProcessDefinition" selected="false" exported="false" />
    </Item>
    <Item id="tcm:0-23-65544" title="Zip%20file" extension="tmt" itemType="MultimediaType" selected="false" exported="true" />
  </Item>
</Index>