<PackageItem xmlns:tcm="http://www.tridion.com/ContentManager/5.0" xmlns:xlink="http://www.w3.org/1999/xlink" xmlns:xsd="http://www.w3.org/2001/XMLSchema" xmlns="http://www.sdltridion.com/ContentManager/ImportExport/Package/2013">
  <Data>
    <tcm:Data xmlns:xlink="http://www.w3.org/1999/xlink" xmlns:i="http://www.w3.org/2001/XMLSchema-instance">
      <tcm:Title>Campaign Content - Tagged Image</tcm:Title>
      <tcm:Description>Campaign Content - Tagged Image</tcm:Description>
      <tcm:Purpose>Embedded</tcm:Purpose>
      <tcm:NamespaceURI />
      <tcm:RootElementName>TaggedImage</tcm:RootElementName>
      <tcm:IsTridionWebSchema>true</tcm:IsTridionWebSchema>
      <tcm:XSD>
        <xsd:schema xmlns:xsd="http://www.w3.org/2001/XMLSchema" xmlns:tcmi="http://www.tridion.com/ContentManager/5.0/Instance" xmlns="" elementFormDefault="qualified">
  <xsd:import namespace="http://www.tridion.com/ContentManager/5.0/Instance" schemaLocation="/webdav/cm_xml_inst.xsd" />
  <xsd:annotation>
    <xsd:appinfo>
      <tcm:Labels xmlns:tcm="http://www.tridion.com/ContentManager/5.0">
        <tcm:Label ElementName="name" Metadata="false">Name</tcm:Label>
        <tcm:Label ElementName="imageUrl" Metadata="false">Image URL</tcm:Label>
        <tcm:Label ElementName="parameters" Metadata="false">Parameters</tcm:Label>
        <tcm:Label ElementName="image" Metadata="false">Image</tcm:Label>
        <tcm:Label ElementName="altText" Metadata="false">Alternative Text</tcm:Label>
      </tcm:Labels>
    </xsd:appinfo>
  </xsd:annotation>
  <xsd:complexType name="TaggedImage">
    <xsd:sequence>
      <xsd:element name="name" minOccurs="1" maxOccurs="1" type="xsd:normalizedString">
        <xsd:annotation>
          <xsd:appinfo>
            <ExtensionXml xmlns="http://www.tridion.com/ContentManager/5.0" />
          </xsd:appinfo>
        </xsd:annotation>
      </xsd:element>
      <xsd:element name="imageUrl" minOccurs="0" maxOccurs="1" type="xsd:normalizedString">
        <xsd:annotation>
          <xsd:appinfo>
            <ExtensionXml xmlns="http://www.tridion.com/ContentManager/5.0" />
          </xsd:appinfo>
        </xsd:annotation>
      </xsd:element>
      <xsd:element name="parameters" minOccurs="0" maxOccurs="1" type="xsd:normalizedString">
        <xsd:annotation>
          <xsd:appinfo>
            <ExtensionXml xmlns="http://www.tridion.com/ContentManager/5.0" />
          </xsd:appinfo>
        </xsd:annotation>
      </xsd:element>
      <xsd:element name="image" minOccurs="0" maxOccurs="1" type="tcmi:SimpleLink">
        <xsd:annotation>
          <xsd:appinfo>
            <ExtensionXml xmlns="http://www.tridion.com/ContentManager/5.0" />
            <tcm:linktype xmlns:tcm="http://www.tridion.com/ContentManager/5.0">MultimediaLink</tcm:linktype>
            <tcm:AllowedTargetSchemas xmlns:tcm="http://www.tridion.com/ContentManager/5.0">
              <tcm:TargetSchema xmlns:xlink="http://www.w3.org/1999/xlink" xlink:href="/webdav/100%20Master/Building%20Blocks/Modules/Core/Editor/Schemas/Image.xsd" xlink:title="Image" />
            </tcm:AllowedTargetSchemas>
          </xsd:appinfo>
        </xsd:annotation>
      </xsd:element>
      <xsd:element name="altText" minOccurs="0" maxOccurs="1" type="xsd:normalizedString">
        <xsd:annotation>
          <xsd:appinfo>
            <tcm:ExtensionXml xmlns:tcm="http://www.tridion.com/ContentManager/5.0" />
          </xsd:appinfo>
        </xsd:annotation>
      </xsd:element>
    </xsd:sequence>
  </xsd:complexType>
</xsd:schema>
      </tcm:XSD>
      <tcm:AllowedMultimediaTypes />
      <tcm:ComponentProcess xlink:type="simple" xlink:title="" xlink:href="tcm:0-0-0" />
      <tcm:BundleProcess xlink:type="simple" xlink:title="" xlink:href="tcm:0-0-0" />
      <tcm:DeleteBundleOnProcessFinished>false</tcm:DeleteBundleOnProcessFinished>
    </tcm:Data>
  </Data>
  <Dependencies>
    <Dependency dependencyType="Publication" itemUrl="/webdav/100%20Master" linkName="LocationInfo/ContextRepository" />
    <Dependency dependencyType="OrganizationalItemFolder" itemUrl="/webdav/100%20Master/Building%20Blocks/Modules/CampaignContent/Editor/Schemas/Embedded" linkName="LocationInfo/OrganizationalItem" />
    <Dependency dependencyType="SchemaAllowedSchema" itemUrl="/webdav/100%20Master/Building%20Blocks/Modules/Core/Editor/Schemas/Image.xsd" linkName="Xsd" xpath="xsd:schema[1]/xsd:complexType[1]/xsd:sequence[1]/xsd:element[4]/xsd:annotation[1]/xsd:appinfo[1]/tcm:AllowedTargetSchemas[1]/tcm:TargetSchema[1]/@xlink:href" />
  </Dependencies>
</PackageItem>