<Index dataContractVersion="201501" xmlns="http://www.sdltridion.com/ContentManager/ImportExport/Package/2013">
  <Item id="tcm:0-0-0" selected="false" exported="true">
    <ApplicationIds>
      <ApplicationId>http://www.sdl.com/tridion/SemanticMapping/vocabularies</ApplicationId>
    </ApplicationIds>
    <Item id="tcm:0-29-1" title="000%20Empty" itemType="Publication" selected="false" exported="true">
      <Item id="tcm:29-396-2" title="Building%20Blocks" itemType="Folder" blueprintStatus="LocalItem" selected="true" exported="true">
        <Item id="00d29d6f05c745f9857c10b2a038849a" title="Default%20Templates" itemType="Folder" selected="false" exported="false">
          <Item id="e55d56ecd60b474498970a6aa0902928" title="Default%20Component%20Template" extension="tctcmp" itemType="ComponentTemplate" selected="false" exported="false" />
          <Item id="1bbc5a148c374ee6abd14f683e88a0cb" title="Default%20Dreamweaver%20Page%20Design" extension="dwt" itemType="TemplateBuildingBlock" selected="false" exported="false" />
          <Item id="36b261d780ce49eab16a653ca0f13e01" title="Default%20Page%20Template" extension="tptcmp" itemType="PageTemplate" selected="false" exported="false" />
        </Item>
        <Item id="1068cbddca454fd6a7f1baa126f62a78" title="Default%20Multimedia%20Schema" extension="xsd" itemType="Schema" selected="false" exported="false" />
      </Item>
      <Item id="840e12ffa8744bfba1efff257f22eea2" title="Task%20Process" extension="tpd" itemType="ProcessDefinition" selected="false" exported="false" />
    </Item>
    <Item id="tcm:0-30-1" title="100%20Master" itemType="Publication" selected="true" exported="true">
      <Item id="tcm:30-396-2" title="Building%20Blocks" itemType="Folder" blueprintStatus="SharedItem" selected="true" exported="true">
        <Item id="e8e8b474261643bc9d0782a3054e5a2f" title="Default%20Templates" itemType="Folder" selected="false" exported="false">
          <Item id="fa3ae7143b4346948f08a191722f9837" title="Default%20Component%20Template" extension="tctcmp" itemType="ComponentTemplate" selected="false" exported="false" />
          <Item id="0aabed1280eb40fa8a043eedb01e9169" title="Default%20Dreamweaver%20Page%20Design" extension="dwt" itemType="TemplateBuildingBlock" selected="false" exported="false" />
          <Item id="01eff9156c3c43bfb355c2ff96d30ca2" title="Default%20Page%20Template" extension="tptcmp" itemType="PageTemplate" selected="false" exported="false" />
        </Item>
        <Item id="ba2a39ca6b9a48ca946ccce59d086215" title="Framework" itemType="Folder" selected="false" exported="false">
          <Item id="f25f5c9fbd464644b0b0bf7f30c0b8cd" title="Developer" itemType="Folder" selected="false" exported="false">
            <Item id="8c1d77d39d5e4393995d72750ab07169" title="Schemas" itemType="Folder" selected="false" exported="false">
              <Item id="c29fae1d5bdd424d9ef3b4288bdb3de1" title="Component%20Template%20Metadata" extension="xsd" itemType="Schema" selected="false" exported="false" />
              <Item id="865c1c3dcb6d4823866ccbead2c1bd99" title="Page%20Template%20Metadata" extension="xsd" itemType="Schema" selected="false" exported="false" />
            </Item>
            <Item id="f8eb13c89d814849b032118babe1fc48" title="Templates" itemType="Folder" selected="false" exported="false">
              <Item id="205001862ef9414a82b414578fb160bb" title="Sdl%2EWeb%2ETridion%2ETemplates" itemType="Folder" selected="false" exported="false">
                <Item id="8abe5ad824394835850849ca8748b6a6" title="Default%20Component%20Template%20Finish%20Actions" extension="tbbcmp" itemType="TemplateBuildingBlock" selected="false" exported="false" />
                <Item id="b7ad88f5c43246669e30c229ea3ac11e" title="Default%20Page%20Template%20Finish%20Actions" extension="tbbcmp" itemType="TemplateBuildingBlock" selected="false" exported="false" />
                <Item id="377cdb50972c4d6c8a325500dca509ed" title="Render%20Component%20Content" extension="tbbcmp" itemType="TemplateBuildingBlock" selected="false" exported="false" />
                <Item id="2ed04490ca824f6a984f415a3f7d1057" title="Render%20Page%20Content" extension="tbbcmp" itemType="TemplateBuildingBlock" selected="false" exported="false" />
              </Item>
            </Item>
          </Item>
          <Item id="24ba3b9c087e4b9fa1e62d420801fee6" title="Site%20Manager" itemType="Folder" selected="false" exported="false">
            <Item id="167d49f9f6f8413682229faca8823fc1" title="Schemas" itemType="Folder" selected="false" exported="false">
              <Item id="db7e012b8ff8494fa2b91204632551fe" title="Publication%20Metadata" extension="xsd" itemType="Schema" selected="false" exported="false" />
            </Item>
          </Item>
        </Item>
        <Item id="tcm:30-400-2" title="Modules" itemType="Folder" blueprintStatus="LocalItem" selected="true" exported="true">
          <Item id="tcm:30-461-2" title="CampaignContent" itemType="Folder" blueprintStatus="LocalItem" selected="true" exported="true">
            <Item id="tcm:30-462-2" title="Editor" itemType="Folder" blueprintStatus="LocalItem" selected="true" exported="true">
              <Item id="tcm:30-464-2" title="Schemas" itemType="Folder" blueprintStatus="LocalItem" selected="true" exported="true">
                <Item id="tcm:30-465-2" title="Embedded" itemType="Folder" blueprintStatus="LocalItem" selected="true" exported="true">
                  <Item id="tcm:30-1881-8" title="Campaign%20Content%20-%20Tagged%20Content" extension="xsd" itemType="Schema" subtype="2" blueprintStatus="LocalItem" selected="true" exported="true" />
                  <Item id="tcm:30-1885-8" title="Campaign%20Content%20-%20Tagged%20Image" extension="xsd" itemType="Schema" subtype="2" blueprintStatus="LocalItem" selected="true" exported="true" />
                  <Item id="tcm:30-1886-8" title="Campaign%20Content%20-%20Tagged%20Property" extension="xsd" itemType="Schema" subtype="2" blueprintStatus="LocalItem" selected="true" exported="true" />
                </Item>
                <Item id="tcm:30-1882-8" title="Campaign%20Content%20ZIP" extension="xsd" itemType="Schema" subtype="1" blueprintStatus="LocalItem" selected="true" exported="true" />
              </Item>
              <Item id="tcm:30-463-2" title="Templates" itemType="Folder" blueprintStatus="LocalItem" selected="true" exported="true">
                <Item id="tcm:30-1883-32" title="Campaign%20Content%20ZIP%20Template" extension="tctcmp" itemType="ComponentTemplate" blueprintStatus="LocalItem" selected="true" exported="true" />
                <Item id="tcm:30-1884-128" title="Campaign%20Page" extension="tptcmp" itemType="PageTemplate" blueprintStatus="LocalItem" selected="true" exported="true" />
              </Item>
            </Item>
          </Item>
          <Item id="c123b23582bc4a568fb12e9879408a7c" title="Core" itemType="Folder" selected="false" exported="false">
            <Item id="b9ceadc3fe5743d9b687986fcf6da32a" title="Editor" itemType="Folder" selected="false" exported="false">
              <Item id="2eeb328bae3645a9abd28ecd7965ea5c" title="Schemas" itemType="Folder" selected="false" exported="false">
                <Item id="ae5d7fd5d1104b099e40e99277aa2228" title="Image" extension="xsd" itemType="Schema" selected="false" exported="false" />
              </Item>
            </Item>
          </Item>
        </Item>
        <Item id="cfcd48a8f4664053b52eb405c55a25f2" title="Default%20Multimedia%20Schema" extension="xsd" itemType="Schema" selected="false" exported="false" />
      </Item>
      <Item id="9644e73a3fbd4a4ba35d803c42ac2e8e" title="Task%20Process" extension="tpd" itemType="ProcessDefinition" selected="false" exported="false" />
    </Item>
    <Item id="tcm:0-23-65544" title="Zip%20file" extension="tmt" itemType="MultimediaType" selected="false" exported="true" />
  </Item>
</Index>