<Index dataContractVersion="201501" xmlns="http://www.sdltridion.com/ContentManager/ImportExport/Package/2013">
  <Item id="tcm:0-0-0" selected="false" exported="true">
    <ApplicationIds>
      <ApplicationId>http://www.sdl.com/tridion/SemanticMapping/vocabularies</ApplicationId>
    </ApplicationIds>
    <Item id="tcm:0-29-1" title="000%20Empty" itemType="Publication" selected="false" exported="true">
      <Item id="tcm:29-396-2" title="Building%20Blocks" itemType="Folder" blueprintStatus="LocalItem" selected="true" exported="true">
        <Item id="80aa972cad8f4e9f8489f72fe4a815a0" title="Default%20Templates" itemType="Folder" selected="false" exported="false">
          <Item id="836b9cbcb88b4a1d8ca437c440c9fc0d" title="Default%20Component%20Template" extension="tctcmp" itemType="ComponentTemplate" selected="false" exported="false" />
          <Item id="658b421f86cf4dfb85d9fbc2d104aa97" title="Default%20Dreamweaver%20Page%20Design" extension="dwt" itemType="TemplateBuildingBlock" selected="false" exported="false" />
          <Item id="48a9bdb7378b47cc931d0e9a4b72cda8" title="Default%20Page%20Template" extension="tptcmp" itemType="PageTemplate" selected="false" exported="false" />
        </Item>
        <Item id="d0d829c5747e465a8db32c43818a1b6d" title="Default%20Multimedia%20Schema" extension="xsd" itemType="Schema" selected="false" exported="false" />
      </Item>
      <Item id="1b7d759352384b40a4f4c214dbf3cabc" title="Task%20Process" extension="tpd" itemType="ProcessDefinition" selected="false" exported="false" />
    </Item>
    <Item id="tcm:0-30-1" title="100%20Master" itemType="Publication" selected="true" exported="true">
      <Item id="tcm:30-396-2" title="Building%20Blocks" itemType="Folder" blueprintStatus="SharedItem" selected="true" exported="true">
        <Item id="562fa8db36ae4fd6b13e42879c7572fc" title="Default%20Templates" itemType="Folder" selected="false" exported="false">
          <Item id="1138b418c5ff4b8e890a899818ff04bc" title="Default%20Component%20Template" extension="tctcmp" itemType="ComponentTemplate" selected="false" exported="false" />
          <Item id="d6757bac8abc45d0a465742a70ba5c1a" title="Default%20Dreamweaver%20Page%20Design" extension="dwt" itemType="TemplateBuildingBlock" selected="false" exported="false" />
          <Item id="c629c3cfdb7c40eca3843fc0aa4d3310" title="Default%20Page%20Template" extension="tptcmp" itemType="PageTemplate" selected="false" exported="false" />
        </Item>
        <Item id="eb01a8fa7fd54f9eab9ad4489c0872aa" title="Framework" itemType="Folder" selected="false" exported="false">
          <Item id="2ce52733b5eb49a7a3ab1663ec63a482" title="Developer" itemType="Folder" selected="false" exported="false">
            <Item id="f63d20beba64431e8e90e52779068419" title="Schemas" itemType="Folder" selected="false" exported="false">
              <Item id="4ec34f9ac7714e02b3f20fd38a89d764" title="Component%20Template%20Metadata" extension="xsd" itemType="Schema" selected="false" exported="false" />
              <Item id="ae2f1c9dc9fe4cf188322684ac35b73d" title="Page%20Template%20Metadata" extension="xsd" itemType="Schema" selected="false" exported="false" />
            </Item>
            <Item id="e1914ae2afb64ef1997b9758e3277f18" title="Templates" itemType="Folder" selected="false" exported="false">
              <Item id="f2968a921d5e41898d21377569d1d29f" title="Sdl%2EWeb%2ETridion%2ETemplates" itemType="Folder" selected="false" exported="false">
                <Item id="f80844c689d94e0f9ce62045570a2fff" title="Default%20Component%20Template%20Finish%20Actions" extension="tbbcmp" itemType="TemplateBuildingBlock" selected="false" exported="false" />
                <Item id="55398d60efb84b7da811aebddf4dfe0b" title="Default%20Page%20Template%20Finish%20Actions" extension="tbbcmp" itemType="TemplateBuildingBlock" selected="false" exported="false" />
                <Item id="c6dacf18877340d797b922a5b44ea1a2" title="Render%20Component%20Content" extension="tbbcmp" itemType="TemplateBuildingBlock" selected="false" exported="false" />
                <Item id="104a0075aa87449ebed714bcf4768922" title="Render%20Page%20Content" extension="tbbcmp" itemType="TemplateBuildingBlock" selected="false" exported="false" />
              </Item>
            </Item>
          </Item>
          <Item id="96b9267ff610418c89da84837173ae27" title="Site%20Manager" itemType="Folder" selected="false" exported="false">
            <Item id="bbd53d1353e54c24a6cfbfa510d6c366" title="Schemas" itemType="Folder" selected="false" exported="false">
              <Item id="1f7b1710c7d44f708e7b5448d07da0a7" title="Publication%20Metadata" extension="xsd" itemType="Schema" selected="false" exported="false" />
            </Item>
          </Item>
        </Item>
        <Item id="tcm:30-400-2" title="Modules" itemType="Folder" blueprintStatus="LocalItem" selected="true" exported="true">
          <Item id="tcm:30-461-2" title="CampaignContent" itemType="Folder" blueprintStatus="LocalItem" selected="true" exported="true">
            <Item id="tcm:30-462-2" title="Editor" itemType="Folder" blueprintStatus="LocalItem" selected="true" exported="true">
              <Item id="tcm:30-464-2" title="Schemas" itemType="Folder" blueprintStatus="LocalItem" selected="true" exported="true">
                <Item id="tcm:30-465-2" title="Embedded" itemType="Folder" blueprintStatus="LocalItem" selected="true" exported="true">
                  <Item id="tcm:30-1881-8" title="Campaign%20Content%20-%20Tagged%20Content" extension="xsd" itemType="Schema" subtype="2" blueprintStatus="LocalItem" selected="true" exported="true" />
                  <Item id="tcm:30-1885-8" title="Campaign%20Content%20-%20Tagged%20Image" extension="xsd" itemType="Schema" subtype="2" blueprintStatus="LocalItem" selected="true" exported="true" />
                  <Item id="tcm:30-1886-8" title="Campaign%20Content%20-%20Tagged%20Property" extension="xsd" itemType="Schema" subtype="2" blueprintStatus="LocalItem" selected="true" exported="true" />
                </Item>
                <Item id="tcm:30-1882-8" title="Campaign%20Content%20ZIP" extension="xsd" itemType="Schema" subtype="1" blueprintStatus="LocalItem" selected="true" exported="true" />
              </Item>
              <Item id="tcm:30-463-2" title="Templates" itemType="Folder" blueprintStatus="LocalItem" selected="true" exported="true">
                <Item id="tcm:30-1883-32" title="Campaign%20Content%20ZIP%20Template" extension="tctcmp" itemType="ComponentTemplate" blueprintStatus="LocalItem" selected="true" exported="true" />
                <Item id="tcm:30-1884-128" title="Campaign%20Page" extension="tptcmp" itemType="PageTemplate" blueprintStatus="LocalItem" selected="true" exported="true" />
              </Item>
            </Item>
          </Item>
          <Item id="1e9dcb81a99a4ef2936a22580fc3977a" title="Core" itemType="Folder" selected="false" exported="false">
            <Item id="4d5b23e670914434b9defa0ca783e257" title="Editor" itemType="Folder" selected="false" exported="false">
              <Item id="3247791da3f747a0bdd487374bf59db9" title="Schemas" itemType="Folder" selected="false" exported="false">
                <Item id="cfec1967510e43f1b7027cfb65b108e2" title="Image" extension="xsd" itemType="Schema" selected="false" exported="false" />
              </Item>
            </Item>
          </Item>
        </Item>
        <Item id="c16e46a3efc740889e0a73a7c1b29831" title="Default%20Multimedia%20Schema" extension="xsd" itemType="Schema" selected="false" exported="false" />
      </Item>
      <Item id="91dcf2d24e2846a595b45683d24b823e" title="Task%20Process" extension="tpd" itemType="ProcessDefinition" selected="false" exported="false" />
    </Item>
    <Item id="tcm:0-23-65544" title="Zip%20file" extension="tmt" itemType="MultimediaType" selected="false" exported="true" />
  </Item>
</Index>