<Index dataContractVersion="201501" xmlns="http://www.sdltridion.com/ContentManager/ImportExport/Package/2013">
  <Item id="tcm:0-0-0" selected="false" exported="true">
    <ApplicationIds>
      <ApplicationId>http://www.sdl.com/tridion/SemanticMapping/vocabularies</ApplicationId>
    </ApplicationIds>
    <Item id="tcm:0-28-1" title="000%20Empty" itemType="Publication" selected="false" exported="true">
      <Item id="tcm:28-98-2" title="Building%20Blocks" itemType="Folder" blueprintStatus="LocalItem" selected="true" exported="true">
        <Item id="76b5998571514bf885b9e4823253ce86" title="Default%20Templates" itemType="Folder" selected="false" exported="false">
          <Item id="e61d39af5b8743ac91241da1b8e84915" title="Default%20Component%20Template" extension="tctcmp" itemType="ComponentTemplate" selected="false" exported="false" />
          <Item id="2e392b8908be435a81297758087491c3" title="Default%20Dreamweaver%20Page%20Design" extension="dwt" itemType="TemplateBuildingBlock" selected="false" exported="false" />
          <Item id="443de4f549eb4d21a06baaa15c2d2cff" title="Default%20Page%20Template" extension="tptcmp" itemType="PageTemplate" selected="false" exported="false" />
        </Item>
        <Item id="38a17df62b6d4531ab2eab72bc60b72b" title="Default%20Multimedia%20Schema" extension="xsd" itemType="Schema" selected="false" exported="false" />
      </Item>
      <Item id="1e1c07215a0a4be6b50e62b1973a4c6f" title="Task%20Process" extension="tpd" itemType="ProcessDefinition" selected="false" exported="false" />
    </Item>
    <Item id="tcm:0-29-1" title="100%20Master" itemType="Publication" selected="true" exported="true">
      <Item id="tcm:29-98-2" title="Building%20Blocks" itemType="Folder" blueprintStatus="SharedItem" selected="true" exported="true">
        <Item id="983ab5f0d311439ea91a2a3a05eb30b2" title="Default%20Templates" itemType="Folder" selected="false" exported="false">
          <Item id="acee87db36904eeeb3aa1769251dcdf3" title="Default%20Component%20Template" extension="tctcmp" itemType="ComponentTemplate" selected="false" exported="false" />
          <Item id="afd0dc7943094b6b9e6726784299a171" title="Default%20Dreamweaver%20Page%20Design" extension="dwt" itemType="TemplateBuildingBlock" selected="false" exported="false" />
          <Item id="424717214b134fc5be1f04604c5b90b4" title="Default%20Page%20Template" extension="tptcmp" itemType="PageTemplate" selected="false" exported="false" />
        </Item>
        <Item id="6ce98c8b1e494ad2a027c12375c6de99" title="Framework" itemType="Folder" selected="false" exported="false">
          <Item id="78bd7bc0cca8471fa2c376db436d56a8" title="Developer" itemType="Folder" selected="false" exported="false">
            <Item id="13f358342dfb4e17829f1ec00bff31f6" title="Schemas" itemType="Folder" selected="false" exported="false">
              <Item id="ea05f9d500cc43cf9cf4b3a3dac32d87" title="Component%20Template%20Metadata" extension="xsd" itemType="Schema" selected="false" exported="false" />
              <Item id="4385cc566c5648d0a4d360a77d889f96" title="Page%20Template%20Metadata" extension="xsd" itemType="Schema" selected="false" exported="false" />
            </Item>
            <Item id="c612f62611814ff7bed374287c0d7113" title="Templates" itemType="Folder" selected="false" exported="false">
              <Item id="7fd4383ebc9247309db8b7a70ed0a589" title="Sdl%2EWeb%2ETridion%2ETemplates" itemType="Folder" selected="false" exported="false">
                <Item id="8052b2c166364ce4943ff34573c0f49f" title="Default%20Component%20Template%20Finish%20Actions" extension="tbbcmp" itemType="TemplateBuildingBlock" selected="false" exported="false" />
                <Item id="a80375e263974766a07e7a78816add33" title="Default%20Page%20Template%20Finish%20Actions" extension="tbbcmp" itemType="TemplateBuildingBlock" selected="false" exported="false" />
                <Item id="4ad0982b13ce40b7a1837658b47c58ce" title="Render%20Component%20Content" extension="tbbcmp" itemType="TemplateBuildingBlock" selected="false" exported="false" />
                <Item id="d93b5f4e9b7a4ee79e14921e8541d6d5" title="Render%20Page%20Content" extension="tbbcmp" itemType="TemplateBuildingBlock" selected="false" exported="false" />
              </Item>
            </Item>
          </Item>
          <Item id="e2cf66e63aa34649af58b33ebda69d8e" title="Site%20Manager" itemType="Folder" selected="false" exported="false">
            <Item id="a04028547a7144a8a6013f81036e3d89" title="Schemas" itemType="Folder" selected="false" exported="false">
              <Item id="6eb6d0c5be9b4436b090eaaeed778f3f" title="Publication%20Metadata" extension="xsd" itemType="Schema" selected="false" exported="false" />
            </Item>
          </Item>
        </Item>
        <Item id="tcm:29-102-2" title="Modules" itemType="Folder" blueprintStatus="LocalItem" selected="true" exported="true">
          <Item id="tcm:29-16299-2" title="CampaignContent" itemType="Folder" blueprintStatus="LocalItem" selected="true" exported="true">
            <Item id="tcm:29-16303-2" title="Editor" itemType="Folder" blueprintStatus="LocalItem" selected="true" exported="true">
              <Item id="tcm:29-16300-2" title="Schemas" itemType="Folder" blueprintStatus="LocalItem" selected="true" exported="true">
                <Item id="tcm:29-16302-2" title="Embedded" itemType="Folder" blueprintStatus="LocalItem" selected="true" exported="true">
                  <Item id="tcm:29-745-8" title="Campaign%20Content%20-%20Tagged%20Content" extension="xsd" itemType="Schema" subtype="2" blueprintStatus="LocalItem" selected="true" exported="true" />
                </Item>
                <Item id="tcm:29-746-8" title="Campaign%20Content%20ZIP" extension="xsd" itemType="Schema" subtype="1" blueprintStatus="LocalItem" selected="true" exported="true" />
              </Item>
              <Item id="tcm:29-16301-2" title="Templates" itemType="Folder" blueprintStatus="LocalItem" selected="true" exported="true">
                <Item id="tcm:29-753-32" title="Campaign%20Content%20ZIP%20Template" extension="tctcmp" itemType="ComponentTemplate" blueprintStatus="LocalItem" selected="true" exported="true" />
                <Item id="tcm:29-762-128" title="Campaign%20Page" extension="tptcmp" itemType="PageTemplate" blueprintStatus="LocalItem" selected="true" exported="true" />
              </Item>
            </Item>
          </Item>
        </Item>
        <Item id="f72a7da34b9446208728ea1f8cb34372" title="Default%20Multimedia%20Schema" extension="xsd" itemType="Schema" selected="false" exported="false" />
      </Item>
      <Item id="8f8d69eb27db4d4ca2b6991e31fb6f98" title="Task%20Process" extension="tpd" itemType="ProcessDefinition" selected="false" exported="false" />
    </Item>
    <Item id="tcm:0-22-65544" title="Zip%20file" extension="tmt" itemType="MultimediaType" selected="false" exported="true" />
  </Item>
</Index>